﻿<?xml version="1.0" encoding="UTF-8" standalone="yes"?>
<addon id="script.psykkbkp"
  name="PsykkBackup" version="0.1.0" provider-name="Psykk">
  <requires>
	<import addon="xbmc.addon" version="13.0.0" />
    <import addon="xbmc.python" version="3.0.0"/>
	<import addon="script.module.requests" version="2.22.0"/>
  </requires>
  <extension point="xbmc.python.script" library="default.py">
     <provides>executable</provides>
  </extension>
  <extension point="xbmc.addon.metadata">
    <platform>all</platform>
    <license>MIT</license>
    <forum>https://psykkodi.com</forum>
    <source>https://github.com/inurass</source>
    <assets>
    	<icon>resources/images/icon.png</icon>
		<screenshot>resources/images/screenshot1.jpg</screenshot>
		<screenshot>resources/images/screenshot2.jpg</screenshot>
		<screenshot>resources/images/screenshot3.jpg</screenshot>
		<screenshot>resources/images/screenshot4.jpg</screenshot>
		<screenshot>resources/images/screenshot5.jpg</screenshot>
		<screenshot>resources/images/screenshot6.jpg</screenshot>
    </assets>
    <news>Version 0.1.0
Test Psykk PasteBin
</news>
    <summary lang="fr_FR">Sauvegarder et restaurer les bases de données Kodi et les fichiers de configuration personnels en cas de plantage ou de fichiers corrompus.</summary>
    <description lang="fr_FR">Déjà perdu une configuration Kodi et espéré avoir fait une sauvegarde avant ? Maintenant, il est permis de le faire en un simple clic. Il est possible d'exporter les bases de données, listes de lecture, miniatures, extensions et autres fichiers de configuration vers n'importe quel endroit accessible depuis Kodi.</description>
  </extension>
</addon>
