<?xml version="1.0" encoding="UTF-8" standalone="yes"?>
<addon id="repository.arias800" name="Arias800's Repository" version="0.1" provider-name="Arias800">
    <extension point="xbmc.addon.repository" name="Arias800's Repository">
        <dir>
            <info compressed="false">https://raw.githubusercontent.com/Arias800/repository.arias800/master/repo/zips/addons.xml</info>
            <checksum>https://raw.githubusercontent.com/Arias800/repository.arias800/master/repo/zips/addons.xml.md5</checksum>
            <datadir zip="true">https://raw.githubusercontent.com/Arias800/repository.arias800/master/repo/zips/</datadir>
        </dir>
    </extension>
    <extension point="xbmc.addon.metadata">
        <summary>Arias800's Repository</summary>
        <description>DESCRIPTION OF YOUR REPO HERE</description>
        <disclaimer></disclaimer>
        <platform>all</platform>
        <assets>
            <icon>icon.png</icon>
            <fanart>fanart.jpg</fanart>
        </assets>
    </extension>
</addon>